{"cameraMode":{"drawMode":0,"name":"Shaded","section":"Shading Mode"},"sceneLighting":true,"audioPlay":false,"sceneViewState":{"m_AlwaysRefresh":false,"showFog":true,"showSkybox":true,"showFlares":true,"showImageEffects":true,"showParticleSystems":true,"showVisualEffectGraphs":true,"m_FxEnabled":true},"in2DMode":false,"pivot":{"x":154.43870544433595,"y":120.41679382324219,"z":64.4895248413086},"rotation":{"x":0.004499893635511398,"y":0.008100881241261959,"z":-0.0000368624969269149,"w":0.9999609589576721},"size":233.19558715820313,"orthographic":true}